'model';'image'
'40410';'https://instrument.ru/wa-data/public/shop/products/89/54/45489/images/89609/89609.970.jpg'
'40410';'https://instrument.ru/wa-data/public/shop/products/89/54/45489/images/89610/89610.970.jpg'
'40410';'https://instrument.ru/wa-data/public/shop/products/89/54/45489/images/89611/89611.970.jpg'
'40410';'https://instrument.ru/wa-data/public/shop/products/89/54/45489/images/89612/89612.970.jpg'
'40410';'https://instrument.ru/wa-data/public/shop/products/89/54/45489/images/89613/89613.970.jpg'
'86840';'https://instrument.ru/wa-data/public/shop/products/88/54/45488/images/89608/89608.970.JPG'
'86838';'https://instrument.ru/wa-data/public/shop/products/86/54/45486/images/89606/89606.970.JPG'
'86839';'https://instrument.ru/wa-data/public/shop/products/87/54/45487/images/89607/89607.970.JPG'
'63222';'https://instrument.ru/wa-data/public/shop/products/84/54/45484/images/89551/89551.970.JPG'
'78804';'https://instrument.ru/wa-data/public/shop/products/78/54/45478/images/89543/89543.970.jpg'
'53129';'https://instrument.ru/wa-data/public/shop/products/74/54/45474/images/89490/89490.970.jpg'
'53129';'https://instrument.ru/wa-data/public/shop/products/74/54/45474/images/89491/89491.970.jpg'
'53129';'https://instrument.ru/wa-data/public/shop/products/74/54/45474/images/89492/89492.970.jpg'
'53129';'https://instrument.ru/wa-data/public/shop/products/74/54/45474/images/89493/89493.970.jpg'
'53129';'https://instrument.ru/wa-data/public/shop/products/74/54/45474/images/89494/89494.970.jpg'
'53131';'https://instrument.ru/wa-data/public/shop/products/75/54/45475/images/89495/89495.970.jpg'
'53131';'https://instrument.ru/wa-data/public/shop/products/75/54/45475/images/89496/89496.970.jpg'
'53131';'https://instrument.ru/wa-data/public/shop/products/75/54/45475/images/89497/89497.970.jpg'
'53131';'https://instrument.ru/wa-data/public/shop/products/75/54/45475/images/89498/89498.970.jpg'
'53131';'https://instrument.ru/wa-data/public/shop/products/75/54/45475/images/89499/89499.970.jpg'
'53132';'https://instrument.ru/wa-data/public/shop/products/76/54/45476/images/89500/89500.970.jpg'
'53132';'https://instrument.ru/wa-data/public/shop/products/76/54/45476/images/89501/89501.970.jpg'
'53132';'https://instrument.ru/wa-data/public/shop/products/76/54/45476/images/89502/89502.970.jpg'
'53132';'https://instrument.ru/wa-data/public/shop/products/76/54/45476/images/89503/89503.970.jpg'
'53132';'https://instrument.ru/wa-data/public/shop/products/76/54/45476/images/89504/89504.970.jpg'
'53128';'https://instrument.ru/wa-data/public/shop/products/73/54/45473/images/89485/89485.970.jpg'
'53128';'https://instrument.ru/wa-data/public/shop/products/73/54/45473/images/89486/89486.970.jpg'
'53128';'https://instrument.ru/wa-data/public/shop/products/73/54/45473/images/89487/89487.970.jpg'
'53128';'https://instrument.ru/wa-data/public/shop/products/73/54/45473/images/89488/89488.970.jpg'
'53128';'https://instrument.ru/wa-data/public/shop/products/73/54/45473/images/89489/89489.970.jpg'
'93931';'https://instrument.ru/wa-data/public/shop/products/72/54/45472/images/89484/89484.970.jpg'
'25325';'https://instrument.ru/wa-data/public/shop/products/68/54/45468/images/89506/89506.970.JPG'
'25328';'https://instrument.ru/wa-data/public/shop/products/69/54/45469/images/89507/89507.970.JPG'
'25330';'https://instrument.ru/wa-data/public/shop/products/70/54/45470/images/89510/89510.970.jpg'
'25331';'https://instrument.ru/wa-data/public/shop/products/71/54/45471/images/89511/89511.970.jpg'
'674386';'https://instrument.ru/wa-data/public/shop/products/59/54/45459/images/89300/89300.970.jpg'
'689104';'https://instrument.ru/wa-data/public/shop/products/46/54/45446/images/89139/89139.970.jpg'
'689186';'https://instrument.ru/wa-data/public/shop/products/41/54/45441/images/89141/89141.970.jpg'
'97261';'https://instrument.ru/wa-data/public/shop/products/97/53/45397/images/89887/89887.970.jpg'
'97261';'https://instrument.ru/wa-data/public/shop/products/97/53/45397/images/89888/89888.970.jpg'
'97261';'https://instrument.ru/wa-data/public/shop/products/97/53/45397/images/89889/89889.970.jpg'
'97261';'https://instrument.ru/wa-data/public/shop/products/97/53/45397/images/89890/89890.970.jpg'
'97261';'https://instrument.ru/wa-data/public/shop/products/97/53/45397/images/89891/89891.970.jpg'
'97261';'https://instrument.ru/wa-data/public/shop/products/97/53/45397/images/89892/89892.970.jpg'
'97261';'https://instrument.ru/wa-data/public/shop/products/97/53/45397/images/89893/89893.970.jpg'
'97261';'https://instrument.ru/wa-data/public/shop/products/97/53/45397/images/89894/89894.970.jpg'
'97262';'https://instrument.ru/wa-data/public/shop/products/98/53/45398/images/89895/89895.970.jpg'
'97262';'https://instrument.ru/wa-data/public/shop/products/98/53/45398/images/89896/89896.970.jpg'
'97262';'https://instrument.ru/wa-data/public/shop/products/98/53/45398/images/89897/89897.970.jpg'
'97262';'https://instrument.ru/wa-data/public/shop/products/98/53/45398/images/89898/89898.970.jpg'
'97262';'https://instrument.ru/wa-data/public/shop/products/98/53/45398/images/89899/89899.970.jpg'
'97262';'https://instrument.ru/wa-data/public/shop/products/98/53/45398/images/89900/89900.970.jpg'
'97262';'https://instrument.ru/wa-data/public/shop/products/98/53/45398/images/89901/89901.970.jpg'
'97262';'https://instrument.ru/wa-data/public/shop/products/98/53/45398/images/89902/89902.970.jpg'
'97264';'https://instrument.ru/wa-data/public/shop/products/00/54/45400/images/89903/89903.970.jpg'
'97264';'https://instrument.ru/wa-data/public/shop/products/00/54/45400/images/89904/89904.970.jpg'
'97264';'https://instrument.ru/wa-data/public/shop/products/00/54/45400/images/89905/89905.970.jpg'
'97264';'https://instrument.ru/wa-data/public/shop/products/00/54/45400/images/89906/89906.970.jpg'
'97264';'https://instrument.ru/wa-data/public/shop/products/00/54/45400/images/89907/89907.970.jpg'
'97264';'https://instrument.ru/wa-data/public/shop/products/00/54/45400/images/89908/89908.970.jpg'
'97264';'https://instrument.ru/wa-data/public/shop/products/00/54/45400/images/89909/89909.970.jpg'
'97264';'https://instrument.ru/wa-data/public/shop/products/00/54/45400/images/89910/89910.970.jpg'
'97265';'https://instrument.ru/wa-data/public/shop/products/01/54/45401/images/89911/89911.970.jpg'
'97265';'https://instrument.ru/wa-data/public/shop/products/01/54/45401/images/89912/89912.970.jpg'
'97265';'https://instrument.ru/wa-data/public/shop/products/01/54/45401/images/89913/89913.970.jpg'
'97265';'https://instrument.ru/wa-data/public/shop/products/01/54/45401/images/89914/89914.970.jpg'
'97265';'https://instrument.ru/wa-data/public/shop/products/01/54/45401/images/89915/89915.970.jpg'
'97265';'https://instrument.ru/wa-data/public/shop/products/01/54/45401/images/89916/89916.970.jpg'
'97265';'https://instrument.ru/wa-data/public/shop/products/01/54/45401/images/89917/89917.970.jpg'
'97265';'https://instrument.ru/wa-data/public/shop/products/01/54/45401/images/89918/89918.970.jpg'
'97267';'https://instrument.ru/wa-data/public/shop/products/02/54/45402/images/89919/89919.970.jpg'
'97267';'https://instrument.ru/wa-data/public/shop/products/02/54/45402/images/89920/89920.970.jpg'
'97267';'https://instrument.ru/wa-data/public/shop/products/02/54/45402/images/89921/89921.970.jpg'
'97267';'https://instrument.ru/wa-data/public/shop/products/02/54/45402/images/89922/89922.970.jpg'
'97267';'https://instrument.ru/wa-data/public/shop/products/02/54/45402/images/89923/89923.970.jpg'
'97267';'https://instrument.ru/wa-data/public/shop/products/02/54/45402/images/89924/89924.970.jpg'
'97267';'https://instrument.ru/wa-data/public/shop/products/02/54/45402/images/89925/89925.970.jpg'
'97267';'https://instrument.ru/wa-data/public/shop/products/02/54/45402/images/89926/89926.970.jpg'
'97267';'https://instrument.ru/wa-data/public/shop/products/02/54/45402/images/89927/89927.970.jpg'
'97267';'https://instrument.ru/wa-data/public/shop/products/02/54/45402/images/89928/89928.970.jpg'
'97268';'https://instrument.ru/wa-data/public/shop/products/03/54/45403/images/89929/89929.970.jpg'
'97268';'https://instrument.ru/wa-data/public/shop/products/03/54/45403/images/89930/89930.970.jpg'
'97268';'https://instrument.ru/wa-data/public/shop/products/03/54/45403/images/89931/89931.970.jpg'
'97268';'https://instrument.ru/wa-data/public/shop/products/03/54/45403/images/89932/89932.970.jpg'
'97268';'https://instrument.ru/wa-data/public/shop/products/03/54/45403/images/89933/89933.970.jpg'
'97268';'https://instrument.ru/wa-data/public/shop/products/03/54/45403/images/89934/89934.970.jpg'
'97268';'https://instrument.ru/wa-data/public/shop/products/03/54/45403/images/89935/89935.970.jpg'
'97268';'https://instrument.ru/wa-data/public/shop/products/03/54/45403/images/89936/89936.970.jpg'
'97268';'https://instrument.ru/wa-data/public/shop/products/03/54/45403/images/89937/89937.970.jpg'
'97268';'https://instrument.ru/wa-data/public/shop/products/03/54/45403/images/89938/89938.970.jpg'
'97269';'https://instrument.ru/wa-data/public/shop/products/04/54/45404/images/89939/89939.970.jpg'
'97269';'https://instrument.ru/wa-data/public/shop/products/04/54/45404/images/89940/89940.970.jpg'
'97269';'https://instrument.ru/wa-data/public/shop/products/04/54/45404/images/89941/89941.970.jpg'
'97269';'https://instrument.ru/wa-data/public/shop/products/04/54/45404/images/89942/89942.970.jpg'
'97269';'https://instrument.ru/wa-data/public/shop/products/04/54/45404/images/89943/89943.970.jpg'
'97269';'https://instrument.ru/wa-data/public/shop/products/04/54/45404/images/89944/89944.970.jpg'
'97269';'https://instrument.ru/wa-data/public/shop/products/04/54/45404/images/89945/89945.970.jpg'
'97269';'https://instrument.ru/wa-data/public/shop/products/04/54/45404/images/89946/89946.970.jpg'
'97269';'https://instrument.ru/wa-data/public/shop/products/04/54/45404/images/89947/89947.970.jpg'
'97269';'https://instrument.ru/wa-data/public/shop/products/04/54/45404/images/89948/89948.970.jpg'
'97242';'https://instrument.ru/wa-data/public/shop/products/91/53/45391/images/89881/89881.970.jpg'
'97242';'https://instrument.ru/wa-data/public/shop/products/91/53/45391/images/89882/89882.970.jpg'
'97242';'https://instrument.ru/wa-data/public/shop/products/91/53/45391/images/89883/89883.970.jpg'
'97242';'https://instrument.ru/wa-data/public/shop/products/91/53/45391/images/89884/89884.970.jpg'
'97242';'https://instrument.ru/wa-data/public/shop/products/91/53/45391/images/89885/89885.970.jpg'
'97242';'https://instrument.ru/wa-data/public/shop/products/91/53/45391/images/89886/89886.970.jpg'
'97243';'https://instrument.ru/wa-data/public/shop/products/92/53/45392/images/89429/89429.970.jpg'
'97241';'https://instrument.ru/wa-data/public/shop/products/90/53/45390/images/89875/89875.970.jpg'
'97241';'https://instrument.ru/wa-data/public/shop/products/90/53/45390/images/89876/89876.970.jpg'
'97241';'https://instrument.ru/wa-data/public/shop/products/90/53/45390/images/89877/89877.970.jpg'
'97241';'https://instrument.ru/wa-data/public/shop/products/90/53/45390/images/89878/89878.970.jpg'
'97241';'https://instrument.ru/wa-data/public/shop/products/90/53/45390/images/89879/89879.970.jpg'
'97241';'https://instrument.ru/wa-data/public/shop/products/90/53/45390/images/89880/89880.970.jpg'
'892437';'https://instrument.ru/wa-data/public/shop/products/88/53/45388/images/88819/88819.970.jpg'
'892507';'https://instrument.ru/wa-data/public/shop/products/83/53/45383/images/88823/88823.970.jpg'
'96625';'https://instrument.ru/wa-data/public/shop/products/32/53/45332/images/88365/88365.970.jpg'
'27611';'https://instrument.ru/wa-data/public/shop/products/30/53/45330/images/88159/88159.970.jpg'
'27614';'https://instrument.ru/wa-data/public/shop/products/31/53/45331/images/88160/88160.970.jpg'
'27601';'https://instrument.ru/wa-data/public/shop/products/29/53/45329/images/88158/88158.970.jpg'
'28007';'https://instrument.ru/wa-data/public/shop/products/28/53/45328/images/88164/88164.970.jpg'
'28001';'https://instrument.ru/wa-data/public/shop/products/26/53/45326/images/88162/88162.970.jpg'
'28005';'https://instrument.ru/wa-data/public/shop/products/27/53/45327/images/88163/88163.970.jpg'
'27305';'https://instrument.ru/wa-data/public/shop/products/24/53/45324/images/88157/88157.970.jpg'
'27301';'https://instrument.ru/wa-data/public/shop/products/22/53/45322/images/88155/88155.970.jpg'
'27303';'https://instrument.ru/wa-data/public/shop/products/23/53/45323/images/88156/88156.970.jpg'
'27911';'https://instrument.ru/wa-data/public/shop/products/21/53/45321/images/88154/88154.970.jpg'
'27903';'https://instrument.ru/wa-data/public/shop/products/19/53/45319/images/88152/88152.970.jpg'
'27904';'https://instrument.ru/wa-data/public/shop/products/20/53/45320/images/88153/88153.970.jpg'
'27103';'https://instrument.ru/wa-data/public/shop/products/17/53/45317/images/89254/89254.970.jpg'
'27103';'https://instrument.ru/wa-data/public/shop/products/17/53/45317/images/89255/89255.970.jpg'
'27103';'https://instrument.ru/wa-data/public/shop/products/17/53/45317/images/89256/89256.970.jpg'
'27103';'https://instrument.ru/wa-data/public/shop/products/17/53/45317/images/89257/89257.970.jpg'
'27103';'https://instrument.ru/wa-data/public/shop/products/17/53/45317/images/89258/89258.970.jpg'
'27103';'https://instrument.ru/wa-data/public/shop/products/17/53/45317/images/89259/89259.970.jpg'
'27103';'https://instrument.ru/wa-data/public/shop/products/17/53/45317/images/89260/89260.970.jpg'
'27103';'https://instrument.ru/wa-data/public/shop/products/17/53/45317/images/89261/89261.970.jpg'
'27103';'https://instrument.ru/wa-data/public/shop/products/17/53/45317/images/89262/89262.970.jpg'
'27103';'https://instrument.ru/wa-data/public/shop/products/17/53/45317/images/89263/89263.970.jpg'
'27107';'https://instrument.ru/wa-data/public/shop/products/18/53/45318/images/89275/89275.970.jpg'
'27107';'https://instrument.ru/wa-data/public/shop/products/18/53/45318/images/89276/89276.970.jpg'
'27107';'https://instrument.ru/wa-data/public/shop/products/18/53/45318/images/89277/89277.970.jpg'
'27107';'https://instrument.ru/wa-data/public/shop/products/18/53/45318/images/89278/89278.970.jpg'
'27107';'https://instrument.ru/wa-data/public/shop/products/18/53/45318/images/89279/89279.970.jpg'
'27107';'https://instrument.ru/wa-data/public/shop/products/18/53/45318/images/89280/89280.970.jpg'
'27107';'https://instrument.ru/wa-data/public/shop/products/18/53/45318/images/89281/89281.970.jpg'
'27107';'https://instrument.ru/wa-data/public/shop/products/18/53/45318/images/89282/89282.970.jpg'
'27107';'https://instrument.ru/wa-data/public/shop/products/18/53/45318/images/89283/89283.970.jpg'
'27107';'https://instrument.ru/wa-data/public/shop/products/18/53/45318/images/89284/89284.970.jpg'
'26304';'https://instrument.ru/wa-data/public/shop/products/12/53/45312/images/90062/90062.970.jpg'
'26304';'https://instrument.ru/wa-data/public/shop/products/12/53/45312/images/90063/90063.970.jpg'
'26304';'https://instrument.ru/wa-data/public/shop/products/12/53/45312/images/90064/90064.970.jpg'
'26304';'https://instrument.ru/wa-data/public/shop/products/12/53/45312/images/90065/90065.970.jpg'
'26304';'https://instrument.ru/wa-data/public/shop/products/12/53/45312/images/90066/90066.970.jpg'
'26304';'https://instrument.ru/wa-data/public/shop/products/12/53/45312/images/90067/90067.970.jpg'
'26304';'https://instrument.ru/wa-data/public/shop/products/12/53/45312/images/90068/90068.970.jpg'
'26304';'https://instrument.ru/wa-data/public/shop/products/12/53/45312/images/90069/90069.970.jpg'
'26304';'https://instrument.ru/wa-data/public/shop/products/12/53/45312/images/90070/90070.970.jpg'
'26304';'https://instrument.ru/wa-data/public/shop/products/12/53/45312/images/90071/90071.970.jpg'
'26307';'https://instrument.ru/wa-data/public/shop/products/13/53/45313/images/90076/90076.970.jpg'
'26307';'https://instrument.ru/wa-data/public/shop/products/13/53/45313/images/90077/90077.970.jpg'
'26307';'https://instrument.ru/wa-data/public/shop/products/13/53/45313/images/90078/90078.970.jpg'
'26307';'https://instrument.ru/wa-data/public/shop/products/13/53/45313/images/90079/90079.970.jpg'
'26307';'https://instrument.ru/wa-data/public/shop/products/13/53/45313/images/90080/90080.970.jpg'
'26307';'https://instrument.ru/wa-data/public/shop/products/13/53/45313/images/90081/90081.970.jpg'
'26307';'https://instrument.ru/wa-data/public/shop/products/13/53/45313/images/90082/90082.970.jpg'
'26307';'https://instrument.ru/wa-data/public/shop/products/13/53/45313/images/90083/90083.970.jpg'
'26307';'https://instrument.ru/wa-data/public/shop/products/13/53/45313/images/90084/90084.970.jpg'
'26307';'https://instrument.ru/wa-data/public/shop/products/13/53/45313/images/90085/90085.970.jpg'
'26309';'https://instrument.ru/wa-data/public/shop/products/14/53/45314/images/90091/90091.970.jpg'
'26309';'https://instrument.ru/wa-data/public/shop/products/14/53/45314/images/90092/90092.970.jpg'
'26309';'https://instrument.ru/wa-data/public/shop/products/14/53/45314/images/90093/90093.970.jpg'
'26309';'https://instrument.ru/wa-data/public/shop/products/14/53/45314/images/90094/90094.970.jpg'
'26309';'https://instrument.ru/wa-data/public/shop/products/14/53/45314/images/90095/90095.970.jpg'
'26309';'https://instrument.ru/wa-data/public/shop/products/14/53/45314/images/90096/90096.970.jpg'
'26309';'https://instrument.ru/wa-data/public/shop/products/14/53/45314/images/90097/90097.970.jpg'
'26309';'https://instrument.ru/wa-data/public/shop/products/14/53/45314/images/90098/90098.970.jpg'
'26309';'https://instrument.ru/wa-data/public/shop/products/14/53/45314/images/90099/90099.970.jpg'
'26309';'https://instrument.ru/wa-data/public/shop/products/14/53/45314/images/90100/90100.970.jpg'
'26312';'https://instrument.ru/wa-data/public/shop/products/15/53/45315/images/90106/90106.970.jpg'
'26312';'https://instrument.ru/wa-data/public/shop/products/15/53/45315/images/90107/90107.970.jpg'
'26312';'https://instrument.ru/wa-data/public/shop/products/15/53/45315/images/90108/90108.970.jpg'
'26312';'https://instrument.ru/wa-data/public/shop/products/15/53/45315/images/90109/90109.970.jpg'
'26312';'https://instrument.ru/wa-data/public/shop/products/15/53/45315/images/90110/90110.970.jpg'
'26312';'https://instrument.ru/wa-data/public/shop/products/15/53/45315/images/90111/90111.970.jpg'
'26312';'https://instrument.ru/wa-data/public/shop/products/15/53/45315/images/90112/90112.970.jpg'
'26312';'https://instrument.ru/wa-data/public/shop/products/15/53/45315/images/90113/90113.970.jpg'
'26312';'https://instrument.ru/wa-data/public/shop/products/15/53/45315/images/90114/90114.970.jpg'
'26312';'https://instrument.ru/wa-data/public/shop/products/15/53/45315/images/90115/90115.970.jpg'
'26302';'https://instrument.ru/wa-data/public/shop/products/11/53/45311/images/88144/88144.970.jpg'
'26601';'https://instrument.ru/wa-data/public/shop/products/04/53/45304/images/89061/89061.970.jpg'
'26601';'https://instrument.ru/wa-data/public/shop/products/04/53/45304/images/89062/89062.970.jpg'
'26601';'https://instrument.ru/wa-data/public/shop/products/04/53/45304/images/89063/89063.970.jpg'
'26601';'https://instrument.ru/wa-data/public/shop/products/04/53/45304/images/89064/89064.970.jpg'
'26601';'https://instrument.ru/wa-data/public/shop/products/04/53/45304/images/89065/89065.970.jpg'
'26601';'https://instrument.ru/wa-data/public/shop/products/04/53/45304/images/89066/89066.970.jpg'
'26601';'https://instrument.ru/wa-data/public/shop/products/04/53/45304/images/89067/89067.970.jpg'
'26601';'https://instrument.ru/wa-data/public/shop/products/04/53/45304/images/89068/89068.970.jpg'
'26601';'https://instrument.ru/wa-data/public/shop/products/04/53/45304/images/89069/89069.970.jpg'
'26601';'https://instrument.ru/wa-data/public/shop/products/04/53/45304/images/89070/89070.970.jpg'
'26603';'https://instrument.ru/wa-data/public/shop/products/05/53/45305/images/89188/89188.970.jpg'
'26603';'https://instrument.ru/wa-data/public/shop/products/05/53/45305/images/89189/89189.970.jpg'
'26603';'https://instrument.ru/wa-data/public/shop/products/05/53/45305/images/89190/89190.970.jpg'
'26603';'https://instrument.ru/wa-data/public/shop/products/05/53/45305/images/89191/89191.970.jpg'
'26603';'https://instrument.ru/wa-data/public/shop/products/05/53/45305/images/89192/89192.970.jpg'
'26603';'https://instrument.ru/wa-data/public/shop/products/05/53/45305/images/89193/89193.970.jpg'
'26603';'https://instrument.ru/wa-data/public/shop/products/05/53/45305/images/89194/89194.970.jpg'
'26603';'https://instrument.ru/wa-data/public/shop/products/05/53/45305/images/89195/89195.970.jpg'
'26603';'https://instrument.ru/wa-data/public/shop/products/05/53/45305/images/89196/89196.970.jpg'
'26603';'https://instrument.ru/wa-data/public/shop/products/05/53/45305/images/89197/89197.970.jpg'
'26608';'https://instrument.ru/wa-data/public/shop/products/07/53/45307/images/89223/89223.970.jpg'
'26608';'https://instrument.ru/wa-data/public/shop/products/07/53/45307/images/89224/89224.970.jpg'
'26608';'https://instrument.ru/wa-data/public/shop/products/07/53/45307/images/89225/89225.970.jpg'
'26608';'https://instrument.ru/wa-data/public/shop/products/07/53/45307/images/89226/89226.970.jpg'
'26608';'https://instrument.ru/wa-data/public/shop/products/07/53/45307/images/89227/89227.970.jpg'
'26608';'https://instrument.ru/wa-data/public/shop/products/07/53/45307/images/89228/89228.970.jpg'
'26608';'https://instrument.ru/wa-data/public/shop/products/07/53/45307/images/89229/89229.970.jpg'
'26608';'https://instrument.ru/wa-data/public/shop/products/07/53/45307/images/89230/89230.970.jpg'
'26608';'https://instrument.ru/wa-data/public/shop/products/07/53/45307/images/89231/89231.970.jpg'
'26608';'https://instrument.ru/wa-data/public/shop/products/07/53/45307/images/89232/89232.970.jpg'
'26610';'https://instrument.ru/wa-data/public/shop/products/08/53/45308/images/88912/88912.970.jpg'
'26610';'https://instrument.ru/wa-data/public/shop/products/08/53/45308/images/88913/88913.970.jpg'
'26610';'https://instrument.ru/wa-data/public/shop/products/08/53/45308/images/88914/88914.970.jpg'
'26610';'https://instrument.ru/wa-data/public/shop/products/08/53/45308/images/88915/88915.970.jpg'
'26610';'https://instrument.ru/wa-data/public/shop/products/08/53/45308/images/88916/88916.970.jpg'
'26610';'https://instrument.ru/wa-data/public/shop/products/08/53/45308/images/88917/88917.970.jpg'
'26610';'https://instrument.ru/wa-data/public/shop/products/08/53/45308/images/88918/88918.970.jpg'
'26610';'https://instrument.ru/wa-data/public/shop/products/08/53/45308/images/88919/88919.970.jpg'
'26610';'https://instrument.ru/wa-data/public/shop/products/08/53/45308/images/88920/88920.970.jpg'
'26610';'https://instrument.ru/wa-data/public/shop/products/08/53/45308/images/88921/88921.970.jpg'
'26612';'https://instrument.ru/wa-data/public/shop/products/09/53/45309/images/89241/89241.970.jpg'
'26612';'https://instrument.ru/wa-data/public/shop/products/09/53/45309/images/89242/89242.970.jpg'
'26612';'https://instrument.ru/wa-data/public/shop/products/09/53/45309/images/89243/89243.970.jpg'
'26612';'https://instrument.ru/wa-data/public/shop/products/09/53/45309/images/89244/89244.970.jpg'
'26612';'https://instrument.ru/wa-data/public/shop/products/09/53/45309/images/89245/89245.970.jpg'
'26612';'https://instrument.ru/wa-data/public/shop/products/09/53/45309/images/89246/89246.970.jpg'
'26612';'https://instrument.ru/wa-data/public/shop/products/09/53/45309/images/89247/89247.970.jpg'
'26612';'https://instrument.ru/wa-data/public/shop/products/09/53/45309/images/89248/89248.970.jpg'
'26612';'https://instrument.ru/wa-data/public/shop/products/09/53/45309/images/89249/89249.970.jpg'
'26612';'https://instrument.ru/wa-data/public/shop/products/09/53/45309/images/89250/89250.970.jpg'
'26620';'https://instrument.ru/wa-data/public/shop/products/10/53/45310/images/89009/89009.970.jpg'
'26620';'https://instrument.ru/wa-data/public/shop/products/10/53/45310/images/89010/89010.970.jpg'
'26620';'https://instrument.ru/wa-data/public/shop/products/10/53/45310/images/89011/89011.970.jpg'
'26620';'https://instrument.ru/wa-data/public/shop/products/10/53/45310/images/89012/89012.970.jpg'
'26620';'https://instrument.ru/wa-data/public/shop/products/10/53/45310/images/89013/89013.970.jpg'
'26620';'https://instrument.ru/wa-data/public/shop/products/10/53/45310/images/89014/89014.970.jpg'
'26620';'https://instrument.ru/wa-data/public/shop/products/10/53/45310/images/89015/89015.970.jpg'
'26620';'https://instrument.ru/wa-data/public/shop/products/10/53/45310/images/89016/89016.970.jpg'
'26620';'https://instrument.ru/wa-data/public/shop/products/10/53/45310/images/89017/89017.970.jpg'
'26620';'https://instrument.ru/wa-data/public/shop/products/10/53/45310/images/89018/89018.970.jpg'
'26910';'https://instrument.ru/wa-data/public/shop/products/93/52/45293/images/88856/88856.970.jpg'
'26910';'https://instrument.ru/wa-data/public/shop/products/93/52/45293/images/88857/88857.970.jpg'
'26910';'https://instrument.ru/wa-data/public/shop/products/93/52/45293/images/88858/88858.970.jpg'
'26910';'https://instrument.ru/wa-data/public/shop/products/93/52/45293/images/88859/88859.970.jpg'
'26910';'https://instrument.ru/wa-data/public/shop/products/93/52/45293/images/88860/88860.970.jpg'
'26910';'https://instrument.ru/wa-data/public/shop/products/93/52/45293/images/88861/88861.970.jpg'
'26912';'https://instrument.ru/wa-data/public/shop/products/94/52/45294/images/88862/88862.970.jpg'
'26912';'https://instrument.ru/wa-data/public/shop/products/94/52/45294/images/88863/88863.970.jpg'
'26912';'https://instrument.ru/wa-data/public/shop/products/94/52/45294/images/88864/88864.970.jpg'
'26912';'https://instrument.ru/wa-data/public/shop/products/94/52/45294/images/88865/88865.970.jpg'
'26912';'https://instrument.ru/wa-data/public/shop/products/94/52/45294/images/88866/88866.970.jpg'
'26915';'https://instrument.ru/wa-data/public/shop/products/95/52/45295/images/88867/88867.970.jpg'
'26915';'https://instrument.ru/wa-data/public/shop/products/95/52/45295/images/88868/88868.970.jpg'
'26915';'https://instrument.ru/wa-data/public/shop/products/95/52/45295/images/88869/88869.970.jpg'
'26915';'https://instrument.ru/wa-data/public/shop/products/95/52/45295/images/88870/88870.970.jpg'
'26915';'https://instrument.ru/wa-data/public/shop/products/95/52/45295/images/88871/88871.970.jpg'
'26915';'https://instrument.ru/wa-data/public/shop/products/95/52/45295/images/88872/88872.970.jpg'
'26917';'https://instrument.ru/wa-data/public/shop/products/96/52/45296/images/88873/88873.970.jpg'
'26917';'https://instrument.ru/wa-data/public/shop/products/96/52/45296/images/88874/88874.970.jpg'
'26917';'https://instrument.ru/wa-data/public/shop/products/96/52/45296/images/88875/88875.970.jpg'
'26917';'https://instrument.ru/wa-data/public/shop/products/96/52/45296/images/88876/88876.970.jpg'
'26917';'https://instrument.ru/wa-data/public/shop/products/96/52/45296/images/88877/88877.970.jpg'
'26917';'https://instrument.ru/wa-data/public/shop/products/96/52/45296/images/88878/88878.970.jpg'
'26906';'https://instrument.ru/wa-data/public/shop/products/91/52/45291/images/88936/88936.970.jpg'
'26906';'https://instrument.ru/wa-data/public/shop/products/91/52/45291/images/88937/88937.970.jpg'
'26906';'https://instrument.ru/wa-data/public/shop/products/91/52/45291/images/88938/88938.970.jpg'
'26906';'https://instrument.ru/wa-data/public/shop/products/91/52/45291/images/88939/88939.970.jpg'
'26906';'https://instrument.ru/wa-data/public/shop/products/91/52/45291/images/88940/88940.970.jpg'
'26906';'https://instrument.ru/wa-data/public/shop/products/91/52/45291/images/88941/88941.970.jpg'
'26906';'https://instrument.ru/wa-data/public/shop/products/91/52/45291/images/88942/88942.970.jpg'
'26906';'https://instrument.ru/wa-data/public/shop/products/91/52/45291/images/88943/88943.970.jpg'
'26908';'https://instrument.ru/wa-data/public/shop/products/92/52/45292/images/88851/88851.970.jpg'
'26908';'https://instrument.ru/wa-data/public/shop/products/92/52/45292/images/88852/88852.970.jpg'
'26908';'https://instrument.ru/wa-data/public/shop/products/92/52/45292/images/88853/88853.970.jpg'
'26908';'https://instrument.ru/wa-data/public/shop/products/92/52/45292/images/88854/88854.970.jpg'
'26908';'https://instrument.ru/wa-data/public/shop/products/92/52/45292/images/88855/88855.970.jpg'
'26901';'https://instrument.ru/wa-data/public/shop/products/90/52/45290/images/88841/88841.970.jpg'
'26901';'https://instrument.ru/wa-data/public/shop/products/90/52/45290/images/88842/88842.970.jpg'
'26901';'https://instrument.ru/wa-data/public/shop/products/90/52/45290/images/88843/88843.970.jpg'
'26901';'https://instrument.ru/wa-data/public/shop/products/90/52/45290/images/88844/88844.970.jpg'
'26901';'https://instrument.ru/wa-data/public/shop/products/90/52/45290/images/88845/88845.970.jpg'
'22037';'https://instrument.ru/wa-data/public/shop/products/96/49/44996/images/85737/85737.970.jpg'
'81454';'https://instrument.ru/wa-data/public/shop/products/79/46/44679/images/83890/83890.970.jpg'
'88073';'https://instrument.ru/wa-data/public/shop/products/22/42/44222/images/81794/81794.970.jpg'
'88073';'https://instrument.ru/wa-data/public/shop/products/22/42/44222/images/81795/81795.970.jpg'
'91560';'https://instrument.ru/wa-data/public/shop/products/93/33/43393/images/76429/76429.970.jpg'
'67713';'https://instrument.ru/wa-data/public/shop/products/82/97/9782/images/59845/59845.970.jpg'
'67713';'https://instrument.ru/wa-data/public/shop/products/82/97/9782/images/21613/21613.970.jpg'
'67713';'https://instrument.ru/wa-data/public/shop/products/82/97/9782/images/78279/78279.970.jpg'
'67713';'https://instrument.ru/wa-data/public/shop/products/82/97/9782/images/78280/78280.970.jpg'
'67713';'https://instrument.ru/wa-data/public/shop/products/82/97/9782/images/78281/78281.970.jpg'
'89244';'https://instrument.ru/wa-data/public/shop/products/28/20/12028/images/62316/62316.970.jpg'
'93545';'https://instrument.ru/wa-data/public/shop/products/35/19/31935/images/49223/49223.970.JPG'
'67776';'https://instrument.ru/wa-data/public/shop/products/64/19/31964/images/59848/59848.970.jpg'
'67776';'https://instrument.ru/wa-data/public/shop/products/64/19/31964/images/49187/49187.970.jpg'
'67777';'https://instrument.ru/wa-data/public/shop/products/65/19/31965/images/59847/59847.970.jpg'
'67777';'https://instrument.ru/wa-data/public/shop/products/65/19/31965/images/49188/49188.970.jpg'
'67789';'https://instrument.ru/wa-data/public/shop/products/69/19/31969/images/77293/77293.970.jpg'
'78808';'https://instrument.ru/wa-data/public/shop/products/79/54/45479/images/89544/89544.970.jpg'
'78800';'https://instrument.ru/wa-data/public/shop/products/77/54/45477/images/89542/89542.970.jpg'
'97263';'https://instrument.ru/wa-data/public/shop/products/99/53/45399/images/89436/89436.970.jpg'
'27101';'https://instrument.ru/wa-data/public/shop/products/16/53/45316/images/88944/88944.970.jpg'
'27101';'https://instrument.ru/wa-data/public/shop/products/16/53/45316/images/88945/88945.970.jpg'
'27101';'https://instrument.ru/wa-data/public/shop/products/16/53/45316/images/88946/88946.970.jpg'
'27101';'https://instrument.ru/wa-data/public/shop/products/16/53/45316/images/88947/88947.970.jpg'
'27101';'https://instrument.ru/wa-data/public/shop/products/16/53/45316/images/88948/88948.970.jpg'
'27101';'https://instrument.ru/wa-data/public/shop/products/16/53/45316/images/88949/88949.970.jpg'
'27101';'https://instrument.ru/wa-data/public/shop/products/16/53/45316/images/88950/88950.970.jpg'
'27101';'https://instrument.ru/wa-data/public/shop/products/16/53/45316/images/88951/88951.970.jpg'
'50764';'https://instrument.ru/wa-data/public/shop/products/73/44/44473/images/85200/85200.970.jpg'
'50764';'https://instrument.ru/wa-data/public/shop/products/73/44/44473/images/85201/85201.970.jpg'
'50764';'https://instrument.ru/wa-data/public/shop/products/73/44/44473/images/85202/85202.970.jpg'
'25324';'https://instrument.ru/wa-data/public/shop/products/30/29/42930/images/74835/74835.970.jpg'
'11620';'https://instrument.ru/wa-data/public/shop/products/20/81/8120/images/65586/65586.970.JPG'
'11620';'https://instrument.ru/wa-data/public/shop/products/20/81/8120/images/21036/21036.970.jpg'
'67702';'https://instrument.ru/wa-data/public/shop/products/07/30/13007/images/79682/79682.970.jpg'
'67702';'https://instrument.ru/wa-data/public/shop/products/07/30/13007/images/59804/59804.970.jpg'
'67702';'https://instrument.ru/wa-data/public/shop/products/07/30/13007/images/78270/78270.970.jpg'
'67702';'https://instrument.ru/wa-data/public/shop/products/07/30/13007/images/78271/78271.970.jpg'
'67702';'https://instrument.ru/wa-data/public/shop/products/07/30/13007/images/78272/78272.970.jpg'
'67702';'https://instrument.ru/wa-data/public/shop/products/07/30/13007/images/79681/79681.970.jpg'
'89530';'https://instrument.ru/wa-data/public/shop/products/92/75/27592/images/38679/38679.970.jpg'
'67787';'https://instrument.ru/wa-data/public/shop/products/67/19/31967/images/49190/49190.970.jpg'
'67787';'https://instrument.ru/wa-data/public/shop/products/67/19/31967/images/78285/78285.970.jpg'
'67787';'https://instrument.ru/wa-data/public/shop/products/67/19/31967/images/78286/78286.970.jpg'
'67787';'https://instrument.ru/wa-data/public/shop/products/67/19/31967/images/78287/78287.970.jpg'
'88733';'https://instrument.ru/wa-data/public/shop/products/63/24/32463/images/51166/51166.970.JPG'
'88733';'https://instrument.ru/wa-data/public/shop/products/63/24/32463/images/51167/51167.970.JPG'
'89163';'https://instrument.ru/wa-data/public/shop/products/76/24/32476/images/77349/77349.970.jpg'
'89168';'https://instrument.ru/wa-data/public/shop/products/77/24/32477/images/77344/77344.970.jpg'
'67815';'https://instrument.ru/wa-data/public/shop/products/06/82/38206/images/77300/77300.970.jpg'
